year,subject,employment_rate_pct,median_salary_gbp,further_study_pct,unemployed_pct,graduate_jobs_pct,non_graduate_jobs_pct
2019,Computer Science,87.2,32000,8.1,4.7,71.3,28.7
2019,Business & Management,82.4,27500,9.3,8.3,58.2,41.8
2019,Engineering,85.6,31000,10.2,4.2,73.1,26.9
2019,Medicine & Dentistry,97.1,38000,1.2,1.7,96.8,3.2
2019,Law,82.3,28000,14.6,3.1,62.4,37.6
2019,Creative Arts,68.4,22000,6.8,24.8,38.2,61.8
2019,Social Sciences,74.2,24000,12.1,13.7,47.3,52.7
2019,Nursing & Midwifery,93.4,28000,2.1,4.5,91.2,8.8
2019,Data Science & Statistics,84.1,31500,11.3,4.6,68.7,31.3
2019,Languages,72.6,23500,13.4,14.0,44.1,55.9
2019,Education,88.2,26000,5.3,6.5,82.3,17.7
2019,Economics,80.3,30000,13.2,6.5,61.4,38.6
2020,Computer Science,82.1,30500,9.4,8.5,67.2,32.8
2020,Business & Management,74.3,25000,10.1,15.6,52.1,47.9
2020,Engineering,79.8,29500,11.3,8.9,68.4,31.6
2020,Medicine & Dentistry,95.6,37000,1.5,2.9,95.1,4.9
2020,Law,76.4,26000,15.2,8.4,57.3,42.7
2020,Creative Arts,58.2,19500,7.1,34.7,31.4,68.6
2020,Social Sciences,66.1,21500,13.4,20.5,40.2,59.8
2020,Nursing & Midwifery,91.2,27500,2.4,6.4,89.3,10.7
2020,Data Science & Statistics,79.3,29500,12.1,8.6,62.4,37.6
2020,Languages,63.4,21000,14.1,22.5,37.8,62.2
2020,Education,83.1,25000,5.8,11.1,78.4,21.6
2020,Economics,73.2,27500,14.3,12.5,55.2,44.8
2021,Computer Science,85.4,32000,8.9,5.7,70.1,29.9
2021,Business & Management,78.2,26500,9.8,12.0,55.3,44.7
2021,Engineering,83.1,30500,10.8,6.1,71.2,28.8
2021,Medicine & Dentistry,96.4,38500,1.3,2.3,96.1,3.9
2021,Law,79.3,27000,14.9,5.8,60.1,39.9
2021,Creative Arts,63.1,20500,7.0,29.9,34.3,65.7
2021,Social Sciences,70.4,22500,12.8,16.8,43.7,56.3
2021,Nursing & Midwifery,92.8,28500,2.2,4.9,90.4,9.6
2021,Data Science & Statistics,82.7,31000,11.8,5.5,66.2,33.8
2021,Languages,68.2,22000,13.8,18.0,41.2,58.8
2021,Education,86.4,25500,5.5,8.1,80.7,19.3
2021,Economics,77.4,29000,13.8,8.8,58.4,41.6
2022,Computer Science,88.3,35000,8.2,3.5,73.4,26.6
2022,Business & Management,81.6,28500,9.5,8.9,59.8,40.2
2022,Engineering,86.9,33000,10.1,3.0,74.8,25.2
2022,Medicine & Dentistry,97.3,40000,1.1,1.6,97.1,2.9
2022,Law,83.1,29500,14.3,2.6,63.9,36.1
2022,Creative Arts,67.3,22500,6.5,26.2,37.1,62.9
2022,Social Sciences,73.8,24500,12.3,13.9,46.8,53.2
2022,Nursing & Midwifery,94.1,30000,2.0,3.9,92.6,7.4
2022,Data Science & Statistics,86.2,34000,10.9,3.8,71.3,28.7
2022,Languages,71.8,24000,13.1,15.1,43.8,56.2
2022,Education,89.3,27000,5.1,5.6,83.9,16.1
2022,Economics,81.7,32000,13.0,5.3,63.2,36.8
2023,Computer Science,86.9,36500,8.4,4.7,72.1,27.9
2023,Business & Management,80.3,29000,9.7,10.0,58.1,41.9
2023,Engineering,85.2,34000,10.4,4.4,73.2,26.8
2023,Medicine & Dentistry,96.8,42000,1.2,2.0,96.4,3.6
2023,Law,81.7,30000,14.7,3.6,62.3,37.7
2023,Creative Arts,65.8,22000,6.7,27.5,35.9,64.1
2023,Social Sciences,72.1,24000,12.5,15.4,45.2,54.8
2023,Nursing & Midwifery,93.6,31000,2.1,4.3,91.8,8.2
2023,Data Science & Statistics,85.4,35500,11.1,3.5,70.8,29.2
2023,Languages,70.4,23500,13.3,16.3,42.6,57.4
2023,Education,87.9,27500,5.3,6.8,82.4,17.6
2023,Economics,80.1,33000,13.2,6.7,62.1,37.9
